<?xml version="1.0"?>
<doc>
    <assembly>
        <name>CsLex</name>
    </assembly>
    <members>
        <member name="M:Lex.Alloc.NewNLPair(Lex.Spec)">
            NewNLPair
            return a new NfaPair that matches a new line
            (\r\n?|\n)
        </member>
        <member name="T:JetBrains.Build.Tools.CsLex">
            <summary>
            The MSBuild task.
            </summary>
        </member>
        <member name="P:JetBrains.Build.Tools.CsLex.InputFile">
            <summary>
            The source file to generate lexer from.
            </summary>
        </member>
        <member name="P:JetBrains.Build.Tools.CsLex.OutputFile">
            <summary>
            The resulting lexer file.
            </summary>
        </member>
        <member name="P:JetBrains.Build.Tools.CsLex.Dependencies">
            <summary>
            File dependencies list
            </summary>
        </member>
        <member name="F:Lex.Gen.tokens">
            <summary>
            Hashtable that maps characters to their corresponding lexical code for
             the internal lexical analyzer. 
            </summary>
        </member>
    </members>
</doc>
